file_id,prob0,prob1,prob2,prob3,prob4,prob5,prob6,prob7
1,0.45133433283358276,0.04164917541229381,0.03476761619190401,0.0555772113943028,1.0000000036274906e-15,0.25694152923538205,0.06248875562218884,0.09724137931034471
2,0.45133433283358276,0.04164917541229381,0.03476761619190401,0.0555772113943028,1.0000000036274906e-15,0.25694152923538205,0.06248875562218884,0.09724137931034471
3,0.45133433283358276,0.04164917541229381,0.03476761619190401,0.0555772113943028,1.0000000036274906e-15,0.25694152923538205,0.06248875562218884,0.09724137931034471
4,0.45133433283358276,0.04164917541229381,0.03476761619190401,0.0555772113943028,1.0000000036274906e-15,0.25694152923538205,0.06248875562218884,0.09724137931034471
5,0.45133433283358276,0.04164917541229381,0.03476761619190401,0.0555772113943028,1.0000000036274906e-15,0.25694152923538205,0.06248875562218884,0.09724137931034471
6,0.45133433283358276,0.04164917541229381,0.03476761619190401,0.0555772113943028,1.0000000036274906e-15,0.25694152923538205,0.06248875562218884,0.09724137931034471
7,0.45133433283358276,0.04164917541229381,0.03476761619190401,0.0555772113943028,1.0000000036274906e-15,0.25694152923538205,0.06248875562218884,0.09724137931034471
